[
  { "city": "Bogotá", "department": "Cundinamarca" },
  { "city": "Bogota", "department": "Cundinamarca" },
  { "city": "Medellín", "department": "Antioquia" },
  { "city": "Medellin", "department": "Antioquia" },
  { "city": "Cali", "department": "Valle del Cauca" },
  { "city": "Barranquilla", "department": "Atlántico" },
  { "city": "Cartagena", "department": "Bolívar" },
  { "city": "Bucaramanga", "department": "Santander" },
  { "city": "Pereira", "department": "Risaralda" },
  { "city": "Cúcuta", "department": "Norte de Santander" },
  { "city": "Cucuta", "department": "Norte de Santander" },
  { "city": "Santa Marta", "department": "Magdalena" },
  { "city": "Ibagué", "department": "Tolima" },
  { "city": "Ibague", "department": "Tolima" },
  { "city": "Manizales", "department": "Caldas" },
  { "city": "Villavicencio", "department": "Meta" },
  { "city": "Pasto", "department": "Nariño" },
  { "city": "Neiva", "department": "Huila" },
  { "city": "Armenia", "department": "Quindío" },
  { "city": "Popayán", "department": "Cauca" },
  { "city": "Popayan", "department": "Cauca" },
  { "city": "Montería", "department": "Córdoba" },
  { "city": "Monteria", "department": "Córdoba" },
  { "city": "Sincelejo", "department": "Sucre" },
  { "city": "Valledupar", "department": "Cesar" },
  { "city": "Tunja", "department": "Boyacá" },
  { "city": "Riohacha", "department": "La Guajira" },
  { "city": "Quibdó", "department": "Chocó" },
  { "city": "Quibdo", "department": "Chocó" },
  { "city": "Florencia", "department": "Caquetá" },
  { "city": "Yopal", "department": "Casanare" },
  { "city": "Mocoa", "department": "Putumayo" },
  { "city": "Leticia", "department": "Amazonas" },
  { "city": "Arauca", "department": "Arauca" },
  { "city": "San José del Guaviare", "department": "Guaviare" },
  { "city": "San Jose del Guaviare", "department": "Guaviare" },
  { "city": "Inírida", "department": "Guainía" },
  { "city": "Inirida", "department": "Guainía" },
  { "city": "Puerto Inírida", "department": "Guainía" },
  { "city": "Puerto Inirida", "department": "Guainía" },
  { "city": "Mitú", "department": "Vaupés" },
  { "city": "Mitu", "department": "Vaupés" },
  { "city": "Puerto Carreño", "department": "Vichada" },
  { "city": "Puerto Carreno", "department": "Vichada" },
  { "city": "San Andrés", "department": "San Andrés y Providencia" },
  { "city": "San Andres", "department": "San Andrés y Providencia" },
  { "city": "Soacha", "department": "Cundinamarca" },
  { "city": "Soledad", "department": "Atlántico" },
  { "city": "Bello", "department": "Antioquia" },
  { "city": "Buga", "department": "Valle del Cauca" },
  { "city": "Itagüí", "department": "Antioquia" },
  { "city": "Itagui", "department": "Antioquia" },
  { "city": "Envigado", "department": "Antioquia" },
  { "city": "Sabaneta", "department": "Antioquia" },
  { "city": "La Estrella", "department": "Antioquia" },
  { "city": "Copacabana", "department": "Antioquia" },
  { "city": "Girardota", "department": "Antioquia" },
  { "city": "Buenaventura", "department": "Valle del Cauca" },
  { "city": "Palmira", "department": "Valle del Cauca" },
  { "city": "Floridablanca", "department": "Santander" },
  { "city": "Girón", "department": "Santander" },
  { "city": "Giron", "department": "Santander" },
  { "city": "Piedecuesta", "department": "Santander" },
  { "city": "Dosquebradas", "department": "Risaralda" },
  { "city": "Tulúa", "department": "Valle del Cauca" },
  { "city": "Tulua", "department": "Valle del Cauca" },
  { "city": "Barrancabermeja", "department": "Santander" },
  { "city": "Sogamoso", "department": "Boyacá" },
  { "city": "Duitama", "department": "Boyacá" },
  { "city": "Maicao", "department": "La Guajira" },
  { "city": "Ciénaga", "department": "Magdalena" },
  { "city": "Cienaga", "department": "Magdalena" },
  { "city": "Apartadó", "department": "Antioquia" },
  { "city": "Apartado", "department": "Antioquia" },
  { "city": "Turbo", "department": "Antioquia" },
  { "city": "Magangué", "department": "Bolívar" },
  { "city": "Magangue", "department": "Bolívar" },
  { "city": "Girardot", "department": "Cundinamarca" },
  { "city": "Fusagasugá", "department": "Cundinamarca" },
  { "city": "Fusagasuga", "department": "Cundinamarca" },
  { "city": "Facatativá", "department": "Cundinamarca" },
  { "city": "Facatativa", "department": "Cundinamarca" },
  { "city": "Zipaquirá", "department": "Cundinamarca" },
  { "city": "Zipaquira", "department": "Cundinamarca" },
  { "city": "Chía", "department": "Cundinamarca" },
  { "city": "Chia", "department": "Cundinamarca" },
  { "city": "Mosquera", "department": "Cundinamarca" },
  { "city": "Funza", "department": "Cundinamarca" },
  { "city": "Madrid", "department": "Cundinamarca" },
  { "city": "Cajicá", "department": "Cundinamarca" },
  { "city": "Cajica", "department": "Cundinamarca" },
  { "city": "Rionegro", "department": "Antioquia" },
  { "city": "Marinilla", "department": "Antioquia" },
  { "city": "El Retiro", "department": "Antioquia" },
  { "city": "Caucasia", "department": "Antioquia" },
  { "city": "Cartago", "department": "Valle del Cauca" },
  { "city": "Yumbo", "department": "Valle del Cauca" },
  { "city": "Jamundí", "department": "Valle del Cauca" },
  { "city": "Jamundi", "department": "Valle del Cauca" },
  { "city": "Ipiales", "department": "Nariño" },
  { "city": "Tumaco", "department": "Nariño" },
  { "city": "Aguachica", "department": "Cesar" },
  { "city": "Ocaña", "department": "Norte de Santander" },
  { "city": "Ocana", "department": "Norte de Santander" },
  { "city": "Pamplona", "department": "Norte de Santander" },
  { "city": "Lorica", "department": "Córdoba" },
  { "city": "Cereté", "department": "Córdoba" },
  { "city": "Cerete", "department": "Córdoba" },
  { "city": "Sahagún", "department": "Córdoba" },
  { "city": "Sahagun", "department": "Córdoba" },
  { "city": "Espinal", "department": "Tolima" },
  { "city": "El Espinal", "department": "Tolima" },
  { "city": "Honda", "department": "Tolima" },
  { "city": "Garzón", "department": "Huila" },
  { "city": "Garzon", "department": "Huila" },
  { "city": "Pitalito", "department": "Huila" },
  { "city": "La Plata", "department": "Huila" },
  { "city": "Chiquinquirá", "department": "Boyacá" },
  { "city": "Chiquinquira", "department": "Boyacá" },
  { "city": "Puerto Boyacá", "department": "Boyacá" },
  { "city": "Puerto Boyaca", "department": "Boyacá" },
  { "city": "Acacías", "department": "Meta" },
  { "city": "Acacias", "department": "Meta" },
  { "city": "Granada", "department": "Meta" },
  { "city": "Malambo", "department": "Atlántico" },
  { "city": "Puerto Colombia", "department": "Atlántico" },
  { "city": "Rionegro", "department": "Antioquia" }
]

